{
	"parent": "block/block",
	"textures":{
		"particle": "#base"
	},
	"elements": [
		{
			"from": [0, 0, 0],
			"to": [16, 16, 16],
			"faces": {
				"down":  {"texture": "#base", "cullface": "down" },
                "up":    {"texture": "#base", "cullface": "up" },
                "north": {"texture": "#base", "cullface": "north" },
                "south": {"texture": "#base", "cullface": "south" },
                "west":  {"texture": "#base", "cullface": "west" },
                "east":  {"texture": "#base", "cullface": "east" }
			}
		},
		{
			"from": [5, 7, 16.01],
			"to": [11, 13, 16.01],
			"faces": {
				"up":    {"texture": "#base"},
				"down":  {"texture": "#base"},
				"north": {"texture": "#base", "cullface": "north" },
				"east":  {"texture": "#base"},
				"south": {"uv": [0,0,16,16], "texture": "#pitch", "cullface": "south"},
				"west":  {"texture": "#base"}
			}
		},
		{
			"from": [5, 7, -0.01],
			"to": [11, 13, -0.01],
			"faces": {
				"up":    {"texture": "#base"},
				"down":  {"texture": "#base"},
				"north": {"uv": [0,0,16,16], "texture": "#pitch", "cullface": "north"},
				"east":  {"texture": "#base"},
				"south": {"texture": "#base", "cullface": "south" },
				"west":  {"texture": "#base"}
			}
		},
		{
			"from": [16.01, 7, 5],
			"to": [16.01, 13, 11],
			"faces": {
				"up":    {"texture": "#base"},
				"down":  {"texture": "#base"},
				"north": {"texture": "#base"},
				"east":  {"uv": [0,0,16,16], "texture": "#pitch", "cullface": "east"},
				"south": {"texture": "#base"},
				"west":  {"texture": "#base", "cullface": "west"}
			}
		},
		{
			"from": [-0.01, 7, 5],
			"to": [-0.01, 13, 11],
			"faces": {
				"up":    {"texture": "#base"},
				"down":  {"texture": "#base"},
				"north": {"texture": "#base"},
				"east":  {"texture": "#base", "cullface": "east"},
				"south": {"texture": "#base"},
				"west":  {"uv": [0,0,16,16], "texture": "#pitch", "cullface": "west"}
			}
		},
		{
			"from": [4, 3, 16.01],
			"to": [12, 6, 16.01],
			"faces": {
				"up":    {"texture": "#base"},
				"down":  {"texture": "#base"},
				"north": {"texture": "#base", "cullface": "north"},
				"east":  {"texture": "#base"},
				"south": {"uv": [0,0,16,16], "texture": "#number", "cullface": "south"},
				"west":  {"texture": "#base"}
			}
		},
		{
			"from": [4, 3, -0.01],
			"to": [12, 6, -0.01],
			"faces": {
				"up":    {"texture": "#base"},
				"down":  {"texture": "#base"},
				"north": {"uv": [0,0,16,16], "texture": "#number", "cullface": "north"},
				"east":  {"texture": "#base"},
				"south": {"texture": "#base", "cullface": "south"},
				"west":  {"texture": "#base"}
			}
		},
		{
			"from": [16.01, 3, 4],
			"to": [16.01, 6, 12],
			"faces": {
				"up":    {"texture": "#base"},
				"down":  {"texture": "#base"},
				"north": {"texture": "#base"},
				"east":  {"uv": [0,0,16,16], "texture": "#number", "cullface": "east"},
				"south": {"texture": "#base"},
				"west":  {"texture": "#base", "cullface": "west"}
			}
		},
		{
			"from": [-0.01, 3, 4],
			"to": [-0.01, 6, 12],
			"faces": {
				"up":    {"texture": "#base"},
				"down":  {"texture": "#base"},
				"north": {"texture": "#base"},
				"east":  {"texture": "#base", "cullface": "east"},
				"south": {"texture": "#base"},
				"west":  {"uv": [0,0,16,16], "texture": "#number", "cullface": "west"}
			}
		},
		{
			"from": [5, 16.01, 5],
			"to": [11, 16.01, 11],
			"faces": {
				"up":    {"uv": [5,5,11,11], "texture": "#inst", "cullface": "up"},
				"down":  {"texture": "#base"},
				"north": {"texture": "#base"},
				"east":  {"texture": "#base"},
				"south": {"texture": "#base"},
				"west":  {"texture": "#base"}
			}
		}
	]
}